index,Номер УИК,"Число избирателей, внесенных в список избирателей на момент окончания голосования","Число избирательных бюллетеней, полученных участковой избирательной комиссией","Число избирательных бюллетеней, выданных избирателям в помещении для голосования в день голосования","Число избирательных бюллетеней, выданных избирателям, проголосовавшим вне помещения для голосования",Число погашенных избирательных бюллетеней,"Число избирательных бюллетеней, содержащихся в переносных ящиках для голосования","Число избирательных бюллетеней, содержащихся в стационарных ящиках для голосования",Число недействительных избирательных бюллетеней,Число действительных избирательных бюллетеней,Число утраченных избирательных бюллетеней,"Число избирательных бюллетеней, не учтенных при получении",Амосов Михаил Иванович,Беглов Александр Дмитриевич,Тихонова Надежда Геннадьевна,Процентов за Амосов Михаил Иванович,Процентов за Беглов Александр Дмитриевич,Процентов за Тихонова Надежда Геннадьевна,Адрес УИК
0,512,1852,1500,430,3,1067,3,430,14,419,0,0,92,230,97,21.2,53.1,22.4,"Адрес помещения для голосования: 195009, Город Санкт-Петербург, Калининский район, муниципальное образование муниципальный округ Финляндский округ, Арсенальная набережная, дом 13/1, фойе Концертного зала"
1,513,1319,1000,306,6,688,6,306,2,310,0,0,59,186,65,18.9,59.6,20.8,"Адрес помещения для голосования: 195009, Город Санкт-Петербург, Калининский район, муниципальное образование муниципальный округ Финляндский округ, Арсенальная набережная, дом 13/1, фойе Концертного зала"
2,514,1599,1500,335,29,1136,29,335,7,357,0,0,63,221,73,17.3,60.7,20.0,"Адрес помещения для голосования: 195009, Город Санкт-Петербург, Калининский район, муниципальное образование муниципальный округ Финляндский округ, Финский переулок, дом 7, помещение Совета ветеранов"
3,515,2478,2000,430,15,1555,15,430,11,434,0,0,60,291,83,13.4,65.3,18.6,"Адрес помещения для голосования: 195197, Город Санкт-Петербург, Калининский район, муниципальное образование муниципальный округ Финляндский округ, Кондратьевский проспект, дом 46, технический колледж управления и коммерции"
4,516,1961,1500,485,5,1010,5,485,9,481,0,0,85,308,88,17.3,62.8,17.9,"Адрес помещения для голосования: 195197, Город Санкт-Петербург, Калининский район, муниципальное образование муниципальный округ Финляндский округ, Лабораторная улица, дом 15, садово-архитектурный колледж"
5,517,2146,2000,569,9,1422,9,565,10,564,0,0,121,346,97,21.0,60.2,16.9,"Адрес помещения для голосования: 195197, Город Санкт-Петербург, Калининский район, муниципальное образование муниципальный округ Финляндский округ, Замшина улица, дом 14, лицей №126"
6,518,2291,2000,524,6,1470,6,523,14,515,0,0,78,349,88,14.7,65.9,16.6,"Адрес помещения для голосования: 195197, Город Санкт-Петербург, Калининский район, муниципальное образование муниципальный округ Финляндский округ, Федосеенко улица, дом 28, лицей №126"
7,519,2138,2000,503,11,1486,11,496,19,488,0,0,100,282,106,19.7,55.6,20.9,"Адрес помещения для голосования: 195197, Город Санкт-Петербург, Калининский район, муниципальное образование муниципальный округ Финляндский округ, Федосеенко улица, дом 28, лицей №126"
8,520,2283,2000,648,9,1343,9,648,13,644,0,0,113,414,117,17.2,63.0,17.8,"Адрес помещения для голосования: 195197, Город Санкт-Петербург, Калининский район, муниципальное образование муниципальный округ Финляндский округ, Федосеенко улица, дом 28, лицей №126"
9,521,2478,2000,671,20,1309,20,671,23,668,0,0,107,418,143,15.4,60.4,20.6,"Адрес помещения для голосования: 195221, Город Санкт-Петербург, Калининский район, муниципальное образование муниципальный округ Финляндский округ, Полюстровский проспект, дом 33, корпус 3, школа №138"
10,522,2747,2500,680,23,1797,23,680,24,679,0,0,128,421,130,18.2,59.8,18.4,"Адрес помещения для голосования: 195221, Город Санкт-Петербург, Калининский район, муниципальное образование муниципальный округ Финляндский округ, Пискаревский проспект, дом 14, школа №139"
11,523,2183,2000,597,16,1387,16,597,11,602,0,0,99,393,110,16.1,64.1,17.9,"Адрес помещения для голосования: 195221, Город Санкт-Петербург, Калининский район, муниципальное образование муниципальный округ Финляндский округ, Пискаревский проспект, дом 14, школа №139"
12,524,2052,2000,613,7,1380,7,613,12,608,0,0,76,456,76,12.2,73.5,12.2,"Адрес помещения для голосования: 195221, Город Санкт-Петербург, Калининский район, муниципальное образование муниципальный округ Финляндский округ, Антоновская улица, дом 16, школа №138"
13,525,2551,2000,622,10,1368,10,622,16,616,0,0,113,373,130,17.8,59.0,20.5,"Адрес помещения для голосования: 195221, Город Санкт-Петербург, Калининский район, муниципальное образование муниципальный округ Финляндский округ, Замшина улица, дом 17, педагогический колледж №4"
14,526,2117,2000,618,6,1376,6,618,8,616,0,0,89,426,101,14.2,68.2,16.1,"Адрес помещения для голосования: 195221, Город Санкт-Петербург, Калининский район, муниципальное образование муниципальный округ Финляндский округ, Антоновская улица, дом 16, школа №138"
15,527,2009,1500,521,16,963,16,520,12,524,0,0,87,335,102,16.2,62.5,19.0,"Адрес помещения для голосования: 195271, Город Санкт-Петербург, Калининский район, муниципальное образование муниципальный округ Финляндский округ, Замшина улица, дом 58, корпус 2, школа №186"
16,528,1768,1500,496,14,990,14,496,9,501,0,0,102,323,76,20.0,63.3,14.9,"Адрес помещения для голосования: 195271, Город Санкт-Петербург, Калининский район, муниципальное образование муниципальный округ Финляндский округ, Герасимовская улица, дом 5, школа-интернат №28"
17,529,2184,2000,542,11,1447,11,542,17,536,0,0,99,324,113,17.9,58.5,20.4,"Адрес помещения для голосования: 195271, Город Санкт-Петербург, Калининский район, муниципальное образование муниципальный округ Финляндский округ, Замшина улица, дом 58, корпус 2, школа №186"
18,530,2369,2000,634,12,1354,12,633,16,629,0,0,108,385,136,16.7,59.6,21.0,"Адрес помещения для голосования: 195271, Город Санкт-Петербург, Калининский район, муниципальное образование муниципальный округ Финляндский округ, Замшина улица, дом 31, корпус 2, школа №146"
19,531,2473,2000,738,16,1246,16,738,20,734,0,0,113,484,137,14.9,64.1,18.1,"Адрес помещения для голосования: 195271, Город Санкт-Петербург, Калининский район, муниципальное образование муниципальный округ Финляндский округ, Замшина улица, дом 31, корпус 2, школа №146"
20,532,2297,2000,527,9,1464,9,526,15,520,0,0,55,383,82,10.2,71.5,15.3,"Адрес помещения для голосования: 195273, Город Санкт-Петербург, Калининский район, муниципальное образование муниципальный округ Пискаревка, Руставели улица, дом 26, школа №184"
21,533,2693,2000,693,21,1286,21,693,22,692,0,0,102,465,125,14.2,65.1,17.5,"Адрес помещения для голосования: 195067, Город Санкт-Петербург, Калининский район, муниципальное образование муниципальный округ Пискаревка, Меншиковский проспект, дом 2, технический колледж"
22,534,2826,2500,1149,15,1336,15,1149,119,1045,0,0,104,784,157,8.9,67.3,13.4,"Адрес помещения для голосования: 195273, Город Санкт-Петербург, Калининский район, муниципальное образование муниципальный округ Пискаревка, Меншиковский проспект, дом 15, корпус 3, школа №156"
23,535,2542,2000,563,10,1427,10,561,13,558,0,0,104,355,99,18.2,62.1,17.3,"Адрес помещения для голосования: 195273, Город Санкт-Петербург, Калининский район, муниципальное образование муниципальный округ Пискаревка, Меншиковский проспект, дом 15, корпус 3, школа №156"
24,536,2531,2000,609,13,1378,13,608,22,599,0,0,90,394,115,14.4,63.4,18.5,"Адрес помещения для голосования: 195273, Город Санкт-Петербург, Калининский район, муниципальное образование муниципальный округ Пискаревка, Верности улица, дом 38, корпус 4, школа №184"
25,537,2196,2000,574,14,1412,14,574,20,568,0,0,97,368,103,16.5,62.5,17.5,"Адрес помещения для голосования: 195273, Город Санкт-Петербург, Калининский район, муниципальное образование муниципальный округ Пискаревка, Верности улица, дом 38, корпус 4, школа №184"
26,538,2651,2000,491,5,1504,5,490,19,476,0,0,77,277,122,15.5,55.9,24.6,"Адрес помещения для голосования: 195273, Город Санкт-Петербург, Калининский район, муниципальное образование муниципальный округ Пискаревка, Руставели улица, дом 26, школа №184"
27,539,1962,1500,584,9,907,9,583,13,579,0,0,80,427,72,13.5,72.1,12.1,"Адрес помещения для голосования: 195273, Город Санкт-Петербург, Калининский район, муниципальное образование муниципальный округ Пискаревка, Науки проспект, дом 44, библиотека-филиал №14"
28,540,2756,2000,580,22,1398,22,551,13,560,0,0,127,285,148,22.1,49.7,25.8,"Адрес помещения для голосования: 195271, Город Санкт-Петербург, Калининский район, муниципальное образование муниципальный округ Пискаревка, Мечникова проспект, дом 16, Бестужевская гимназия №159"
29,541,2869,2500,686,8,1806,8,686,15,679,0,0,152,351,176,21.9,50.5,25.3,"Адрес помещения для голосования: 195271, Город Санкт-Петербург, Калининский район, муниципальное образование муниципальный округ Пискаревка, Мечникова проспект, дом 16, Бестужевская гимназия №159"
30,542,2566,2000,589,9,1402,9,588,11,586,0,0,102,364,120,17.0,60.9,20.1,"Адрес помещения для голосования: 195271, Город Санкт-Петербург, Калининский район, муниципальное образование муниципальный округ Пискаревка, Мечникова проспект, дом 2, лит.А, дом детского творчества"
31,543,2422,2000,666,11,1323,11,665,18,658,0,0,113,396,149,16.7,58.5,22.0,"Адрес помещения для голосования: 195271, Город Санкт-Петербург, Калининский район, муниципальное образование муниципальный округ Пискаревка, Мечникова проспект, дом 5, школа №653"
32,544,2375,2000,684,9,1307,9,677,23,663,0,0,118,407,138,17.2,59.3,20.1,"Адрес помещения для голосования: 195271, Город Санкт-Петербург, Калининский район, муниципальное образование муниципальный округ Пискаревка, Брюсовская улица, дом 10, Брюсовская гимназия №192"
33,545,1644,1500,459,92,949,92,459,18,533,0,0,72,382,79,13.0,69.3,14.3,"Адрес помещения для голосования: 195271, Город Санкт-Петербург, Калининский район, муниципальное образование муниципальный округ Пискаревка, Брюсовская улица, дом 10, Брюсовская гимназия №192"
34,546,1513,1500,420,14,1066,14,420,8,426,0,0,72,291,63,16.5,67.0,14.5,"Адрес помещения для голосования: 195067, Город Санкт-Петербург, Калининский район, муниципальное образование муниципальный округ Пискаревка, Меншиковский проспект, дом 2, технический колледж"
35,547,2316,2000,589,6,1405,6,587,3,590,0,0,68,419,103,11.4,70.6,17.3,"Адрес помещения для голосования: 195271, Город Санкт-Петербург, Калининский район, муниципальное образование муниципальный округ Пискаревка, Мечникова проспект, дом 16, Бестужевская гимназия №159"
36,548,3421,3000,1308,32,1660,32,1302,34,1300,0,0,220,772,308,16.4,57.8,23.0,"Адрес помещения для голосования: 195197, Город Санкт-Петербург, Калининский район, муниципальное образование муниципальный округ Пискаревка, Маршала Блюхера проспект, дом 14, ПМК ""Ровесник"""
37,549,2019,1500,437,10,1053,10,433,13,430,0,0,98,255,77,22.1,57.5,17.3,"Адрес помещения для голосования: 195252, Город Санкт-Петербург, Калининский район, муниципальное образование муниципальный округ Гражданка, Софьи Ковалевской улица, дом 13, корпус 6, школа №535"
38,550,2049,1500,491,10,999,10,491,10,491,0,0,104,307,80,20.7,61.2,15.9,"Адрес помещения для голосования: 195252, Город Санкт-Петербург, Калининский район, муниципальное образование муниципальный округ Гражданка, Карпинского улица, дом 38, корпус 8, школа №561"
39,551,1880,1500,414,7,1079,7,404,17,394,0,0,63,259,72,15.3,63.0,17.5,"Адрес помещения для голосования: 195252, Город Санкт-Петербург, Калининский район, муниципальное образование муниципальный округ Гражданка, Карпинского улица, дом 38, корпус 8, школа №561"
40,552,2098,2000,569,9,1422,9,538,23,524,0,0,96,329,99,17.5,60.1,18.1,"Адрес помещения для голосования: 195252, Город Санкт-Петербург, Калининский район, муниципальное образование муниципальный округ Гражданка, Карпинского улица, дом 38, корпус 8, школа №561"
41,553,1850,1500,436,2,1062,2,429,12,419,0,0,90,262,67,20.8,60.7,15.5,"Адрес помещения для голосования: 195252, Город Санкт-Петербург, Калининский район, муниципальное образование муниципальный округ Гражданка, Софьи Ковалевской улица, дом 13, корпус 6, школа №535"
42,554,1446,1000,368,5,627,5,329,9,325,0,0,77,183,65,23.0,54.7,19.4,"Адрес помещения для голосования: 195252, Город Санкт-Петербург, Калининский район, муниципальное образование муниципальный округ Гражданка, Науки проспект, дом 30, корпус 3, школа №88"
43,555,2378,2000,705,11,1284,11,676,10,677,0,0,137,429,111,19.9,62.4,16.1,"Адрес помещения для голосования: 195256, Город Санкт-Петербург, Калининский район, муниципальное образование муниципальный округ Гражданка, Верности улица, дом 28, корпус 4, школа №473"
44,556,2355,2000,700,4,1296,4,696,22,678,0,0,170,395,113,24.2,56.4,16.1,"Адрес помещения для голосования: 195256, Город Санкт-Петербург, Калининский район, муниципальное образование муниципальный округ Гражданка, Верности улица, дом 28, корпус 4, школа №473"
45,557,2107,2000,527,12,1461,12,515,12,515,0,0,117,328,70,22.2,62.2,13.2,"Адрес помещения для голосования: 195256, Город Санкт-Петербург, Калининский район, муниципальное образование муниципальный округ Гражданка, Науки проспект, дом 24, корпус 3, центр образования №633"
46,558,2036,2000,551,10,1439,10,549,20,539,0,0,125,325,89,22.3,58.1,15.9,"Адрес помещения для голосования: 195252, Город Санкт-Петербург, Калининский район, муниципальное образование муниципальный округ Гражданка, Науки проспект, дом 30, корпус 3, школа №88"
47,559,2401,2000,638,14,1348,14,638,17,635,0,0,157,381,97,24.0,58.4,14.8,"Адрес помещения для голосования: 195252, Город Санкт-Петербург, Калининский район, муниципальное образование муниципальный округ Гражданка, Науки проспект, дом 38, ПМК ""Прожектор"""
48,560,1558,1500,453,3,1044,3,452,14,441,0,0,158,227,56,34.7,49.8,12.3,"Адрес помещения для голосования: 195220, Город Санкт-Петербург, Калининский район, муниципальное образование муниципальный округ Гражданка, Гражданский проспект, дом 31, корпус 5, лицей №470"
49,561,2427,2000,595,4,1401,4,582,30,556,0,0,173,277,106,29.5,47.2,18.0,"Адрес помещения для голосования: 195220, Город Санкт-Петербург, Калининский район, муниципальное образование муниципальный округ Гражданка, Гражданский проспект, дом 31, корпус 5, лицей №470"
50,562,2572,2000,760,1,1239,1,726,25,702,0,0,259,336,107,35.6,46.2,14.7,"Адрес помещения для голосования: 195256, Город Санкт-Петербург, Калининский район, муниципальное образование муниципальный округ Гражданка, Верности улица, дом 14, корпус 4, лицей №95"
51,563,2667,2000,750,9,1241,9,748,21,736,0,0,201,427,108,26.5,56.4,14.2,"Адрес помещения для голосования: 195256, Город Санкт-Петербург, Калининский район, муниципальное образование муниципальный округ Гражданка, Верности улица, дом 14, корпус 4, лицей №95"
52,564,1840,1500,449,8,1043,8,434,11,431,0,0,109,247,75,24.6,55.8,16.9,"Адрес помещения для голосования: 195256, Город Санкт-Петербург, Калининский район, муниципальное образование муниципальный округ Гражданка, Науки проспект, дом 24, корпус 3, центр образования №633"
53,565,2805,2000,800,4,1196,4,796,21,779,0,0,246,403,130,30.7,50.3,16.2,"Адрес помещения для голосования: 195220, Город Санкт-Петербург, Калининский район, муниципальное образование муниципальный округ Гражданка, Гражданский проспект, дом 7/1, ГОБУ ДОД СДЮСШОР №1"
54,566,2634,2000,704,6,1290,6,704,15,695,0,0,252,336,107,35.4,47.3,15.0,"Адрес помещения для голосования: 195220, Город Санкт-Петербург, Калининский район, муниципальное образование муниципальный округ Гражданка, Фаворского улица, дом 16, школа №111"
55,567,2206,2000,635,8,1357,8,635,25,618,0,0,267,284,67,41.5,44.1,10.4,"Адрес помещения для голосования: 195220, Город Санкт-Петербург, Калининский район, муниципальное образование муниципальный округ Гражданка, Бутлерова улица, дом 22, корпус 1, лицей №470"
56,568,2290,2000,698,5,1297,5,698,15,688,0,0,226,413,49,32.1,58.7,6.9,"Адрес помещения для голосования: 195220, Город Санкт-Петербург, Калининский район, муниципальное образование муниципальный округ Гражданка, Бутлерова улица, дом 22, корпус 1, лицей №470"
57,569,2094,2000,613,8,1379,8,613,13,608,0,0,185,325,98,29.7,52.3,15.7,"Адрес помещения для голосования: 195220, Город Санкт-Петербург, Калининский район, муниципальное образование муниципальный округ Гражданка, Фаворского улица, дом 16, школа №111"
58,570,1706,1500,466,3,1031,3,463,11,455,0,0,122,254,79,26.1,54.5,16.9,"Адрес помещения для голосования: 195220, Город Санкт-Петербург, Калининский район, муниципальное образование муниципальный округ Гражданка, Гражданский проспект, дом 31, корпус 5, лицей №470"
59,571,1394,1000,471,3,526,3,421,10,414,0,0,152,166,96,35.8,39.1,22.6,"Адрес помещения для голосования: 195220, Город Санкт-Петербург, Калининский район, муниципальное образование муниципальный округ Гражданка, Бутлерова улица, дом 22, корпус 1, лицей №470"
60,572,3173,2500,856,6,1638,6,850,15,841,0,0,220,273,348,25.7,31.8,40.6,"Адрес помещения для голосования: 195271, Город Санкт-Петербург, Калининский район, муниципальное образование муниципальный округ Пискаревка, Бестужевская улица, дом 5, корпус 1, ГБОУ школа №100"
61,573,1831,2000,1808,14,178,14,1808,37,1785,0,0,133,1330,322,7.3,72.9,17.6,"Адрес помещения для голосования: 195009, Город Санкт-Петербург, Калининский район, муниципальное образование муниципальный округ Финляндский округ, Арсенальная набережная, дом 13/1, Администрация Калининского района Санкт-Петербурга"
62,574,1819,1500,446,0,1054,0,444,7,437,0,0,103,170,164,23.2,38.2,36.9,"Адрес помещения для голосования: 195271, Город Санкт-Петербург, Калининский район, муниципальное образование муниципальный округ Пискаревка, Бестужевская улица, дом 5, корпус 1, ГБОУ школа №100"
63,575,2298,2000,621,0,1379,0,621,11,610,0,0,130,297,183,20.9,47.8,29.4,"Адрес помещения для голосования: 195271, Город Санкт-Петербург, Калининский район, муниципальное образование муниципальный округ Пискаревка, Бестужевская улица, дом 5, корпус 1, ГБОУ школа №100"
64,2283,2531,2000,641,3,1356,3,641,6,638,0,0,117,215,306,18.1,33.3,47.5,"Адрес помещения для голосования: 195197, Город Санкт-Петербург, Калининский район, муниципальное образование муниципальный округ Финляндский округ, Полюстровский проспект, дом 61, оптико-механический лицей"
65,2284,235,500,235,0,265,0,235,11,224,0,0,17,165,42,7.2,70.2,17.8,Данных нет
66,2318,310,350,211,0,139,0,211,24,187,0,0,15,165,7,7.1,78.2,3.3,Данных нет
67,2319,203,300,165,0,135,0,164,1,163,1,1,28,111,24,17.0,67.6,14.6,Данных нет
68,2373,260,300,196,9,95,9,195,3,201,0,0,31,149,21,15.2,73.0,10.2,Данных нет
69,2374,255,300,213,13,74,13,213,2,224,0,0,38,165,21,16.8,73.0,9.2,Данных нет
70,2375,221,300,171,2,127,2,171,0,173,0,0,48,109,16,27.7,63.0,9.2,Данных нет
0,414,1922,1500,492,6,1002,6,491,12,485,0,0,158,231,96,31.7,46.4,19.3,"Адрес помещения для голосования: 195220, Город Санкт-Петербург, Калининский район, муниципальное образование муниципальный округ Академическое, проспект Непокоренных, дом 12, корпус 2, литера А, ГБОУ СОШ №514"
1,415,1816,1500,472,8,1020,8,450,7,451,0,0,112,283,56,24.4,61.7,12.2,"Адрес помещения для голосования: 194064, Город Санкт-Петербург, Калининский район, муниципальное образование муниципальный округ Академическое, проспект Науки, дом 13, корпус 4, ГБОУ СОШ №145"
2,416,2951,2500,742,9,1749,9,742,27,724,0,0,191,382,151,25.4,50.8,20.1,"Адрес помещения для голосования: 194064, Город Санкт-Петербург, Калининский район, муниципальное образование муниципальный округ Академическое, проспект Науки, дом 13, корпус 4, ГБОУ СОШ №145"
3,417,2720,2000,765,16,1219,16,765,16,765,0,0,182,464,119,23.3,59.4,15.2,"Адрес помещения для голосования: 194064, Город Санкт-Петербург, Калининский район, муниципальное образование муниципальный округ Академическое, проспект Науки, дом 13, корпус 4, ГБОУ СОШ №145"
4,418,1936,1500,541,10,949,10,540,7,543,0,0,144,321,78,26.1,58.3,14.1,"Адрес помещения для голосования: 195257, Город Санкт-Петербург, Калининский район, муниципальное образование муниципальный округ Академическое, улица Вавиловых, дом 8, корпус 2, ГБОУ СОШ №137"
5,419,1997,1500,420,13,1067,13,420,14,419,0,0,111,205,103,25.6,47.3,23.7,"Адрес помещения для голосования: 195427, Город Санкт-Петербург, Калининский район, муниципальное образование муниципальный округ Академическое, улица Академика Константинова, дом 10, корпус 2, ГБОУ Гимназия №148 имени Сервантеса"
6,420,2234,2000,599,13,1388,13,599,19,593,0,0,150,349,94,24.5,57.0,15.3,"Адрес помещения для голосования: 195427, Город Санкт-Петербург, Калининский район, муниципальное образование муниципальный округ Академическое, улица Академика Константинова, дом 10, корпус 2, ГБОУ Гимназия №148 имени Сервантеса"
7,421,2726,2000,638,7,1355,7,638,10,635,0,0,181,282,172,28.0,43.7,26.6,"Адрес помещения для голосования: 194064, Город Санкт-Петербург, Калининский район, муниципальное образование муниципальный округ Академическое, проспект Науки, дом 13, корпус 4, ГБОУ СОШ №145"
8,422,2332,2000,594,1,1405,1,593,17,577,0,0,150,309,118,25.2,52.0,19.8,"Адрес помещения для голосования: 195427, Город Санкт-Петербург, Калининский район, муниципальное образование муниципальный округ Академическое, Светлановский проспект, дом 38, корпус 2, ГБОУ лицей №150"
9,423,1945,1500,488,7,1005,7,488,19,476,0,0,132,264,80,26.6,53.3,16.1,"Адрес помещения для голосования: 195427, Город Санкт-Петербург, Калининский район, муниципальное образование муниципальный округ Академическое, Светлановский проспект, дом 38, корпус 2, ГБОУ лицей №150"
10,424,2245,2000,574,13,1413,13,570,8,575,0,0,144,364,67,24.7,62.4,11.4,"Адрес помещения для голосования: 195427, Город Санкт-Петербург, Калининский район, муниципальное образование муниципальный округ Академическое, Светлановский проспект, дом 40, корпус 3, ГБОУ СОШ №158"
11,425,2079,1500,604,6,890,6,596,22,580,0,0,181,320,79,30.0,53.1,13.1,"Адрес помещения для голосования: 195427, Город Санкт-Петербург, Калининский район, муниципальное образование муниципальный округ Академическое, Светлановский проспект, дом 40, корпус 3, ГБОУ СОШ №158"
12,426,2289,2000,653,11,1336,11,653,13,651,0,0,166,376,109,25.0,56.6,16.4,"Адрес помещения для голосования: 195427, Город Санкт-Петербург, Калининский район, муниципальное образование муниципальный округ Академическое, Светлановский проспект, дом 40, корпус 3, ГБОУ СОШ №158"
13,427,2168,2000,602,11,1387,11,602,17,596,0,0,150,361,85,24.4,58.8,13.8,"Адрес помещения для голосования: 195427, Город Санкт-Петербург, Калининский район, муниципальное образование муниципальный округ Академическое, Светлановский проспект, дом 38, корпус 2, ГБОУ лицей №150"
14,428,1960,1500,537,59,904,59,537,24,572,0,0,133,350,89,22.3,58.7,14.9,"Адрес помещения для голосования: 195427, Город Санкт-Петербург, Калининский район, муниципальное образование муниципальный округ Академическое, улица Академика Константинова, дом 10, корпус 2, ГБОУ Гимназия №148 имени Сервантеса"
15,429,1852,1500,494,11,995,11,494,12,493,0,0,129,273,91,25.5,54.0,18.0,"Адрес помещения для голосования: 195257, Город Санкт-Петербург, Калининский район, муниципальное образование муниципальный округ Академическое, улица Вавиловых, дом 8, корпус 2, ГБОУ СОШ №137"
16,430,2178,2000,652,15,1333,15,643,20,638,0,0,170,338,130,25.8,51.3,19.7,"Адрес помещения для голосования: 195457, Город Санкт-Петербург, Калининский район, муниципальное образование муниципальный округ Академическое, улица Вавиловых, дом 5, корпус 5, ГБОУ СОШ №71"
17,431,1877,1500,439,6,1055,6,439,13,432,0,0,114,256,62,25.6,57.5,13.9,"Адрес помещения для голосования: 195457, Город Санкт-Петербург, Калининский район, муниципальное образование муниципальный округ Академическое, улица Вавиловых, дом 5, корпус 5, ГБОУ СОШ №71"
18,432,1918,1500,531,13,956,13,529,23,519,0,0,132,310,77,24.3,57.2,14.2,"Адрес помещения для голосования: 195457, Город Санкт-Петербург, Калининский район, муниципальное образование муниципальный округ Академическое, улица Вавиловых, дом 5, корпус 5, ГБОУ СОШ №71"
19,433,2036,1500,466,15,1019,15,465,18,462,0,0,141,237,84,29.3,49.3,17.5,"Адрес помещения для голосования: 195457, Город Санкт-Петербург, Калининский район, муниципальное образование муниципальный округ Академическое, улица Вавиловых, дом 13, корпус 3, ГБУ ДО ЦВР ДМ ""Академический"""
20,434,2065,2000,575,15,1410,15,572,6,581,0,0,153,322,106,26.0,54.8,18.0,"Адрес помещения для голосования: 195457, Город Санкт-Петербург, Калининский район, муниципальное образование муниципальный округ Академическое, Гражданский проспект, дом 92, корпус 3, ГБОУ СОШ №98"
21,435,1901,1500,498,16,986,16,498,16,498,0,0,95,299,104,18.4,58.1,20.2,"Адрес помещения для голосования: 195457, Город Санкт-Петербург, Калининский район, муниципальное образование муниципальный округ Академическое, улица Вавиловых, дом 13, корпус 3, ГБУ ДО ЦВР ДМ ""Академический"""
22,436,2120,1500,620,15,865,15,602,25,592,0,0,189,309,94,30.6,50.0,15.2,"Адрес помещения для голосования: 195457, Город Санкт-Петербург, Калининский район, муниципальное образование муниципальный округ Академическое, Гражданский проспект, дом 92, корпус 3, ГБОУ СОШ №98"
23,437,1814,1500,484,27,989,27,483,14,496,0,0,129,286,81,25.2,56.0,15.8,"Адрес помещения для голосования: 195457, Город Санкт-Петербург, Калининский район, муниципальное образование муниципальный округ Академическое, Гражданский проспект, дом 92, корпус 3, ГБОУ СОШ №98"
24,438,2206,2000,563,15,1422,15,555,13,557,0,0,134,343,80,23.5,60.1,14.0,"Адрес помещения для голосования: 195256, Город Санкт-Петербург, Калининский район, муниципальное образование муниципальный округ Академическое, улица Софьи Ковалевской, дом 8, корпус 3, ГБОУ СОШ №78"
25,439,2213,2000,660,4,1336,4,653,10,647,0,0,147,416,84,22.3,63.3,12.7,"Адрес помещения для голосования: 195256, Город Санкт-Петербург, Калининский район, муниципальное образование муниципальный округ Академическое, улица Софьи Ковалевской, дом 16, корпус 6, ГБОУ СОШ №98"
26,440,2866,2500,722,9,1769,9,713,28,694,0,0,179,380,135,24.7,52.6,18.7,"Адрес помещения для голосования: 195256, Город Санкт-Петербург, Калининский район, муниципальное образование муниципальный округ Академическое, улица Софьи Ковалевской, дом 16, корпус 6, ГБОУ СОШ №98"
27,441,2530,2000,615,12,1373,12,613,18,607,0,0,173,344,90,27.6,55.0,14.4,"Адрес помещения для голосования: 195256, Город Санкт-Петербург, Калининский район, муниципальное образование муниципальный округ Академическое, проспект Науки, дом 16, корпус 2, ГБОУ СОШ №121"
28,442,2151,2000,574,11,1415,11,574,9,576,0,0,111,374,91,18.9,63.9,15.5,"Адрес помещения для голосования: 195256, Город Санкт-Петербург, Калининский район, муниципальное образование муниципальный округ Академическое, проспект Науки, дом 16, корпус 2, ГБОУ СОШ №121"
29,443,2155,2000,548,7,1445,7,548,20,535,0,0,121,320,94,21.8,57.6,16.9,"Адрес помещения для голосования: 195256, Город Санкт-Петербург, Калининский район, муниципальное образование муниципальный округ Академическое, улица Софьи Ковалевской, дом 8, корпус 3, ГБОУ СОШ №78"
30,444,1752,1500,508,4,988,4,508,27,485,0,0,93,305,87,18.1,59.5,16.9,"Адрес помещения для голосования: 195265, Город Санкт-Петербург, Калининский район, муниципальное образование муниципальный округ №21, улица Черкасова, дом 8, корпус 2, ГБОУ СОШ №89"
31,445,2174,2000,586,9,1405,9,586,12,583,0,0,116,348,119,19.5,58.4,20.0,"Адрес помещения для голосования: 195265, Город Санкт-Петербург, Калининский район, муниципальное образование муниципальный округ №21, улица Черкасова, дом 8, корпус 2, ГБОУ СОШ №89"
32,446,1786,1500,465,6,1029,6,451,17,440,0,0,103,265,72,22.5,57.9,15.7,"Адрес помещения для голосования: 195265, Город Санкт-Петербург, Калининский район, муниципальное образование муниципальный округ №21, улица Черкасова, дом 8, корпус 2, ГБОУ СОШ №89"
33,447,2244,2000,609,18,1373,18,609,10,617,0,0,74,454,89,11.8,72.4,14.1,"Адрес помещения для голосования: 195265, Город Санкт-Петербург, Калининский район, муниципальное образование муниципальный округ №21, улица Черкасова, дом 4, корпус 2, ГБОУ СОШ №149"
34,448,2462,2000,555,9,1436,9,554,16,547,0,0,94,353,100,16.7,62.7,17.7,"Адрес помещения для голосования: 195265, Город Санкт-Петербург, Калининский район, муниципальное образование муниципальный округ №21, улица Черкасова, дом 4, корпус 2, ГБОУ СОШ №149"
35,449,2444,2000,610,13,1377,13,607,16,604,0,0,107,376,121,17.2,60.6,19.5,"Адрес помещения для голосования: 195265, Город Санкт-Петербург, Калининский район, муниципальное образование муниципальный округ №21, улица Черкасова, дом 4, корпус 2, ГБОУ СОШ №149"
36,450,2211,2000,571,12,1417,12,570,14,568,0,0,88,380,100,15.1,65.2,17.1,"Адрес помещения для голосования: 195265, Город Санкт-Петербург, Калининский район, муниципальное образование муниципальный округ №21, улица Черкасова, дом 7, корпус 2, ГБОУ СОШ №619"
37,451,2009,1500,457,5,1038,5,457,9,453,0,0,74,297,82,16.0,64.2,17.7,"Адрес помещения для голосования: 195265, Город Санкт-Петербург, Калининский район, муниципальное образование муниципальный округ №21, улица Черкасова, дом 7, корпус 2, ГБОУ СОШ №619"
38,452,2535,2000,576,9,1415,9,574,16,567,0,0,86,363,118,14.7,62.2,20.2,"Адрес помещения для голосования: 195265, Город Санкт-Петербург, Калининский район, муниципальное образование муниципальный округ №21, улица Черкасова, дом 15, ГБОУ СОШ №96"
39,453,3010,2500,688,7,1805,7,688,17,678,0,0,142,378,158,20.4,54.3,22.7,"Адрес помещения для голосования: 195265, Город Санкт-Петербург, Калининский район, муниципальное образование муниципальный округ №21, улица Черкасова, дом 15, ГБОУ СОШ №96"
40,454,1744,1500,414,17,1069,17,411,9,419,0,0,79,283,57,18.4,66.1,13.3,"Адрес помещения для голосования: 195299, Город Санкт-Петербург, Калининский район, муниципальное образование муниципальный округ №21, проспект Просвещения, дом 106, корпус 2, ГБОУ СОШ №175"
41,455,2129,2000,523,8,1469,8,523,16,515,0,0,93,325,97,17.5,61.2,18.2,"Адрес помещения для голосования: 195299, Город Санкт-Петербург, Калининский район, муниципальное образование муниципальный округ №21, проспект Просвещения, дом 106, корпус 2, ГБОУ СОШ №175"
42,456,2372,2000,605,11,1384,11,601,16,596,0,0,144,352,100,23.5,57.5,16.3,"Адрес помещения для голосования: 195267, Город Санкт-Петербург, Калининский район, муниципальное образование муниципальный округ №21, улица Ушинского, дом 33, корпус 2, ГБОУ СОШ №68"
43,457,2220,2000,510,8,1482,8,510,9,509,0,0,122,302,85,23.5,58.3,16.4,"Адрес помещения для голосования: 195267, Город Санкт-Петербург, Калининский район, муниципальное образование муниципальный округ №21, улица Ушинского, дом 33, корпус 2, ГБОУ СОШ №68"
44,458,2414,2500,574,12,1914,12,574,15,571,0,0,131,339,101,22.3,57.8,17.2,"Адрес помещения для голосования: 195267, Город Санкт-Петербург, Калининский район, муниципальное образование муниципальный округ №21, улица Ушинского, дом 35, корпус 2, ГБОУ Лицей №179"
45,459,2421,2000,601,6,1393,4,598,13,589,0,0,99,350,140,16.4,58.1,23.2,"Адрес помещения для голосования: 195267, Город Санкт-Петербург, Калининский район, муниципальное образование муниципальный округ №21, улица Ушинского, дом 35, корпус 2, ГБОУ Лицей №179"
46,460,2154,2000,514,13,1473,13,501,18,496,0,0,84,319,93,16.3,62.0,18.0,"Адрес помещения для голосования: 195267, Город Санкт-Петербург, Калининский район, муниципальное образование муниципальный округ №21, улица Ушинского, дом 33, корпус 2, ГБОУ СОШ №68"
47,461,2306,2000,619,14,1367,14,619,16,617,0,0,111,400,106,17.5,63.1,16.7,"Адрес помещения для голосования: 195299, Город Санкт-Петербург, Калининский район, муниципальное образование муниципальный округ №21, проспект Просвещения, дом 106, корпус 2, ГБОУ СОШ №175"
48,462,1748,1500,399,12,1089,12,397,9,400,0,0,115,225,60,28.1,55.0,14.6,"Адрес помещения для голосования: 195265, Город Санкт-Петербург, Калининский район, муниципальное образование муниципальный округ №21, улица Черкасова, дом 8, корпус 2, ГБОУ СОШ №89"
49,463,2057,1500,515,13,972,13,515,14,514,0,0,93,312,109,17.6,59.0,20.6,"Адрес помещения для голосования: 195276, Город Санкт-Петербург, Калининский район, муниципальное образование муниципальный округ №21, улица Ушинского, дом 13, ГБОУ СОШ №176"
50,464,2119,2000,492,7,1501,7,492,4,495,0,0,77,325,93,15.4,65.1,18.6,"Адрес помещения для голосования: 195276, Город Санкт-Петербург, Калининский район, муниципальное образование муниципальный округ №21, улица Ушинского, дом 13, ГБОУ СОШ №176"
51,465,1878,1500,461,7,1032,7,459,9,457,0,0,104,273,80,22.3,58.5,17.1,"Адрес помещения для голосования: 195276, Город Санкт-Петербург, Калининский район, муниципальное образование муниципальный округ №21, улица Ушинского, дом 13, ГБОУ СОШ №176"
52,466,2294,2000,521,13,1466,13,521,18,516,0,0,95,329,92,17.7,61.6,17.2,"Адрес помещения для голосования: 195276, Город Санкт-Петербург, Калининский район, муниципальное образование муниципальный округ №21, улица Ушинского, дом 21, ГБОУ СОШ №72"
53,467,1864,1500,417,7,1076,7,417,5,419,0,0,88,257,74,20.7,60.6,17.4,"Адрес помещения для голосования: 195276, Город Санкт-Петербург, Калининский район, муниципальное образование муниципальный округ №21, улица Ушинского, дом 21, ГБОУ СОШ №72"
54,468,1899,1500,502,5,993,5,502,24,483,0,0,96,329,58,18.9,64.8,11.4,"Адрес помещения для голосования: 195276, Город Санкт-Петербург, Калининский район, муниципальное образование муниципальный округ №21, улица Ушинского, дом 21, ГБОУ СОШ №72"
55,469,2458,2000,529,6,1465,6,529,3,532,0,0,52,407,73,9.7,76.0,13.6,"Адрес помещения для голосования: 195276, Город Санкт-Петербург, Калининский район, муниципальное образование муниципальный округ Северный, проспект Культуры, дом 27, корпус 3, ГБОУ СОШ №69"
56,470,2213,1500,526,6,968,6,495,21,480,0,0,78,301,101,15.5,60.0,20.1,"Адрес помещения для голосования: 195276, Город Санкт-Петербург, Калининский район, муниципальное образование муниципальный округ Северный, улица Демьяна Бедного, дом 22, корпус 5, ГБОУ СОШ №81"
57,471,2140,1500,486,7,1007,7,473,13,467,0,0,86,267,114,17.9,55.6,23.7,"Адрес помещения для голосования: 195276, Город Санкт-Петербург, Калининский район, муниципальное образование муниципальный округ Северный, улица Демьяна Бедного, дом 22, корпус 5, ГБОУ СОШ №81"
58,472,2586,2000,578,10,1412,10,578,10,578,0,0,123,362,93,20.9,61.5,15.8,"Адрес помещения для голосования: 195276, Город Санкт-Петербург, Калининский район, муниципальное образование муниципальный округ Северный, проспект Культуры, дом 27, корпус 3, ГБОУ СОШ №69"
59,473,2104,1500,455,9,1036,9,455,16,448,0,0,64,307,77,13.7,66.1,16.5,"Адрес помещения для голосования: 195276, Город Санкт-Петербург, Калининский район, муниципальное образование муниципальный округ Северный, проспект Культуры, дом 27, корпус 3, ГБОУ СОШ №69"
60,474,2422,2000,514,16,1470,16,514,10,520,0,0,76,344,100,14.3,64.9,18.8,"Адрес помещения для голосования: 195276, Город Санкт-Петербург, Калининский район, муниципальное образование муниципальный округ Северный, проспект Культуры, дом 27, корпус 3, ГБОУ СОШ №69"
61,475,2347,2000,515,10,1475,10,495,13,492,0,0,69,334,89,13.6,66.1,17.6,"Адрес помещения для голосования: 195276, Город Санкт-Петербург, Калининский район, муниципальное образование муниципальный округ Северный, улица Демьяна Бедного, дом 22, корпус 5, ГБОУ СОШ №81"
62,476,1438,1000,364,6,630,6,360,12,354,0,0,69,207,78,18.8,56.5,21.3,"Адрес помещения для голосования: 195274, Город Санкт-Петербург, Калининский район, муниципальное образование муниципальный округ Северный, улица Демьяна Бедного, дом 12, корпус 2, ГБОУ СОШ №172"
63,477,2880,2000,680,7,1313,7,680,17,670,0,0,124,460,86,18.0,66.9,12.5,"Адрес помещения для голосования: 195274, Город Санкт-Петербург, Калининский район, муниципальное образование муниципальный округ Северный, улица Демьяна Бедного, дом 6, корпус 2, ГБОУ СОШ №692"
64,478,2403,2000,573,10,1417,10,571,25,556,0,0,122,358,76,20.9,61.6,13.0,"Адрес помещения для голосования: 195274, Город Санкт-Петербург, Калининский район, муниципальное образование муниципальный округ Северный, проспект Культуры, дом 11, корпус 4, ГБОУ Гимназия №63"
65,479,2410,2000,628,6,1366,6,622,19,609,0,0,109,451,49,17.3,71.8,7.8,"Адрес помещения для голосования: 195274, Город Санкт-Петербург, Калининский район, муниципальное образование муниципальный округ Северный, проспект Культуры, дом 11, корпус 4, ГБОУ Гимназия №63"
66,480,2566,2000,590,9,1401,9,589,13,585,0,0,94,377,114,15.7,63.0,19.0,"Адрес помещения для голосования: 195274, Город Санкт-Петербург, Калининский район, муниципальное образование муниципальный округ Северный, улица Демьяна Бедного, дом 12, корпус 2, ГБОУ СОШ №172"
67,481,2589,2000,637,8,1355,8,620,20,608,0,0,80,432,96,12.7,68.7,15.2,"Адрес помещения для голосования: 195274, Город Санкт-Петербург, Калининский район, муниципальное образование муниципальный округ Северный, улица Демьяна Бедного, дом 6, корпус 2, ГБОУ СОШ №692"
68,482,2433,2000,552,8,1440,8,552,15,545,0,0,116,337,92,20.7,60.1,16.4,"Адрес помещения для голосования: 195274, Город Санкт-Петербург, Калининский район, муниципальное образование муниципальный округ Северный, проспект Культуры, дом 11, корпус 4, ГБОУ Гимназия №63"
69,483,1771,1500,423,3,1074,3,423,5,421,0,0,80,257,84,18.7,60.3,19.7,"Адрес помещения для голосования: 195274, Город Санкт-Петербург, Калининский район, муниципальное образование муниципальный округ Северный, улица Демьяна Бедного, дом 12, корпус 2, ГБОУ СОШ №172"
70,484,2272,2000,585,10,1405,10,585,24,571,0,0,124,330,117,20.8,55.4,19.6,"Адрес помещения для голосования: 195297, Город Санкт-Петербург, Калининский район, муниципальное образование муниципальный округ Прометей, улица Брянцева, дом 24, литера А, ГБУ СШОР №2"
71,485,2709,2000,661,10,1329,10,661,21,650,0,0,110,407,133,16.3,60.6,19.8,"Адрес помещения для голосования: 195297, Город Санкт-Петербург, Калининский район, муниципальное образование муниципальный округ Прометей, улица Брянцева, дом 24, литера А, ГБУ СШОР №2"
72,486,2520,2000,583,0,1417,0,583,11,572,0,0,102,375,95,17.5,64.3,16.3,"Адрес помещения для голосования: 195297, Город Санкт-Петербург, Калининский район, муниципальное образование муниципальный округ Прометей, улица Брянцева, дом 24, литера А, ГБУ СШОР №2"
73,487,1973,1500,551,9,940,9,551,5,555,0,0,76,402,77,13.5,71.7,13.7,"Адрес помещения для голосования: 195297, Город Санкт-Петербург, Калининский район, муниципальное образование муниципальный округ Прометей, Суздальский проспект, дом 93, корпус 2, ГБОУ Лицей №144"
74,488,1799,1500,455,8,1037,8,455,15,448,0,0,79,281,88,17.0,60.6,19.0,"Адрес помещения для голосования: 195297, Город Санкт-Петербург, Калининский район, муниципальное образование муниципальный округ Прометей, Суздальский проспект, дом 93, корпус 2, ГБОУ Лицей №144"
75,489,1901,1500,519,25,956,25,519,16,528,0,0,87,348,93,15.9,63.9,17.1,"Адрес помещения для голосования: 195267, Город Санкт-Петербург, Калининский район, муниципальное образование муниципальный округ Прометей, улица Ушинского, дом 16, ГБПОУ «Колледж отраслевых технологий «Краснодеревец»"
76,490,1946,1500,571,6,923,6,571,15,562,0,0,72,392,98,12.4,67.9,16.9,"Адрес помещения для голосования: 195276, Город Санкт-Петербург, Калининский район, муниципальное образование муниципальный округ Прометей, улица Тимуровская, дом 8, корпус 2, ГБОУ СОШ №119"
77,491,1832,1500,450,14,1036,14,450,10,454,0,0,72,307,75,15.5,66.1,16.1,"Адрес помещения для голосования: 195276, Город Санкт-Петербург, Калининский район, муниципальное образование муниципальный округ Прометей, улица Тимуровская, дом 8, корпус 2, ГБОУ СОШ №119"
78,492,2197,2000,489,2,1509,2,489,8,483,0,0,73,336,74,14.8,68.4,15.0,"Адрес помещения для голосования: 195276, Город Санкт-Петербург, Калининский район, муниципальное образование муниципальный округ Прометей, улица Тимуровская, дом 8, корпус 2, ГБОУ СОШ №119"
79,493,2224,2000,559,6,1435,6,559,14,551,0,0,119,333,99,21.0,58.9,17.5,"Адрес помещения для голосования: 195297, Город Санкт-Петербург, Калининский район, муниципальное образование муниципальный округ Прометей, улица Ольги Форш, дом 17, корпус 2, ГБОУ СОШ №128"
80,494,1982,1500,480,6,1014,6,480,19,467,0,0,81,299,87,16.6,61.5,17.9,"Адрес помещения для голосования: 195297, Город Санкт-Петербург, Калининский район, муниципальное образование муниципальный округ Прометей, улица Ольги Форш, дом 17, корпус 2, ГБОУ СОШ №128"
81,495,2497,2000,588,7,1405,7,588,6,589,0,0,66,478,45,11.0,80.3,7.5,"Адрес помещения для голосования: 195297, Город Санкт-Петербург, Калининский район, муниципальное образование муниципальный округ Прометей, улица Ольги Форш, дом 17, корпус 2, ГБОУ СОШ №128"
82,496,1819,1500,464,5,1031,5,462,23,444,0,0,94,266,84,20.1,56.9,17.9,"Адрес помещения для голосования: 195269, Город Санкт-Петербург, Калининский район, муниципальное образование муниципальный округ Прометей, улица Учительская, дом 9, корпус 3, ГБПУ «Акушерский колледж»"
83,497,1942,1500,481,6,1013,6,481,16,471,0,0,103,285,83,21.1,58.5,17.0,"Адрес помещения для голосования: 195269, Город Санкт-Петербург, Калининский район, муниципальное образование муниципальный округ Прометей, улица Учительская, дом 3, ГБПОУ «Автодорожный колледж»"
84,498,2283,2000,521,2,1477,2,521,29,494,0,0,105,298,91,20.0,56.9,17.4,"Адрес помещения для голосования: 195269, Город Санкт-Петербург, Калининский район, муниципальное образование муниципальный округ Прометей, улица Учительская, дом 1, ГБПУ «Высшая банковская школа»"
85,499,2542,2000,549,25,1426,25,538,32,531,0,0,96,338,97,17.0,60.0,17.2,"Адрес помещения для голосования: 195269, Город Санкт-Петербург, Калининский район, муниципальное образование муниципальный округ Прометей, улица Ольги Форш, дом 9, литера А, ГБОУ СОШ №136"
86,500,2569,2000,466,7,1527,7,466,7,466,0,0,90,274,102,19.0,57.9,21.5,"Адрес помещения для голосования: 195269, Город Санкт-Петербург, Калининский район, муниципальное образование муниципальный округ Прометей, улица Ольги Форш, дом 9, литера А, ГБОУ СОШ №136"
87,501,1676,1500,508,12,980,12,507,13,506,0,0,100,333,73,19.2,64.1,14.0,"Адрес помещения для голосования: 195269, Город Санкт-Петербург, Калининский район, муниципальное образование муниципальный округ Прометей, улица Ольги Форш, дом 9, литера А, ГБОУ СОШ №136"
88,502,2846,2500,728,26,1746,26,719,9,736,0,0,149,453,134,20.0,60.8,17.9,"Адрес помещения для голосования: 195297, Город Санкт-Петербург, Калининский район, муниципальное образование муниципальный округ Прометей, улица Ушинского, дом 10, корпус 2, литера А, ГБУ СШОР №3"
89,503,3035,2500,736,21,1743,21,687,24,684,0,0,206,347,131,29.1,49.0,18.5,"Адрес помещения для голосования: 195297, Город Санкт-Петербург, Калининский район, муниципальное образование муниципальный округ Прометей, улица Ушинского, дом 10, корпус 2, литера А, ГБУ СШОР №3"
90,504,2480,2000,613,6,1381,6,612,14,604,0,0,89,453,62,14.4,73.3,10.0,"Адрес помещения для голосования: 195269, Город Санкт-Петербург, Калининский район, муниципальное образование муниципальный округ Прометей, улица Брянцева, дом 10, ГБОУ СОШ №79"
91,505,2595,2000,738,25,1237,25,738,16,747,0,0,111,532,104,14.5,69.7,13.6,"Адрес помещения для голосования: 195269, Город Санкт-Петербург, Калининский район, муниципальное образование муниципальный округ Прометей, улица Брянцева, дом 10, ГБОУ СОШ №79"
92,506,2790,2000,702,9,1289,9,692,19,682,0,0,150,392,140,21.4,55.9,19.9,"Адрес помещения для голосования: 195269, Город Санкт-Петербург, Калининский район, муниципальное образование муниципальный округ Прометей, улица Брянцева, дом 10, ГБОУ СОШ №79"
93,507,117,135,67,47,21,47,67,4,110,0,0,22,72,16,19.3,63.1,14.0,Данных нет
94,508,418,450,278,85,87,85,278,9,354,0,0,22,291,41,6.0,80.1,11.2,Данных нет
95,509,3402,4000,2918,0,1082,0,2918,77,2841,0,0,249,2045,547,8.5,70.0,18.7,"Адрес помещения для голосования: 194064, Город Санкт-Петербург, Калининский район, муниципальное образование муниципальный округ Академическое, Тихорецкий проспект, дом 9, корпус 6, ГБДОУ Детский сад №21"
96,2314,551,650,280,52,318,52,279,3,328,0,0,23,287,18,6.9,86.7,5.4,Данных нет
97,2315,375,500,112,42,346,42,112,3,151,0,0,6,136,9,3.9,88.3,5.8,Данных нет
98,2357,200,200,182,13,5,13,182,0,195,0,0,7,183,5,3.5,93.8,2.5,Данных нет
99,2358,451,500,265,184,51,184,265,3,446,0,0,23,391,32,5.1,87.0,7.1,Данных нет
